{
    "n_components": 2,
    "explained_variance": [
        0.3131621255191285,
        0.20671935307336048
    ],
    "total_explained_variance": 0.519881478592489,
    "skills": [
        "perspectiva de usuario",
        "pensamiento analítico",
        "orientación visual",
        "mentalidad de optimización",
        "atención al detalle",
        "pensamiento sistemático",
        "comunicación de datos"
    ],
    "skill_factors": {
        "perspectiva de usuario": {
            "factor_principal": "Factor 1",
            "carga": -0.5775389303545901,
            "cargas_completas": [
                -0.5775389303545901,
                -0.5518520698459382
            ]
        },
        "pensamiento analítico": {
            "factor_principal": "Factor 1",
            "carga": -0.3182993968853875,
            "cargas_completas": [
                -0.3182993968853875,
                -0.27681176646401934
            ]
        },
        "orientación visual": {
            "factor_principal": "Factor 1",
            "carga": -0.5268450750648453,
            "cargas_completas": [
                -0.5268450750648453,
                -0.45043902766327193
            ]
        },
        "mentalidad de optimización": {
            "factor_principal": "Factor 1",
            "carga": -0.6735390769047712,
            "cargas_completas": [
                -0.6735390769047712,
                0.5059857753574821
            ]
        },
        "atención al detalle": {
            "factor_principal": "Factor 1",
            "carga": -0.23353661513949778,
            "cargas_completas": [
                -0.23353661513949778,
                -0.005316848877798317
            ]
        },
        "pensamiento sistemático": {
            "factor_principal": "Factor 1",
            "carga": -0.542248174308116,
            "cargas_completas": [
                -0.542248174308116,
                0.38304884874741174
            ]
        },
        "comunicación de datos": {
            "factor_principal": "Factor 1",
            "carga": -0.3058783769466801,
            "cargas_completas": [
                -0.3058783769466801,
                -0.24522312760218745
            ]
        }
    },
    "factors_skills": {
        "Factor 1": [
            {
                "skill": "mentalidad de optimización",
                "carga": -0.6735390769047712
            },
            {
                "skill": "perspectiva de usuario",
                "carga": -0.5775389303545901
            },
            {
                "skill": "pensamiento sistemático",
                "carga": -0.542248174308116
            },
            {
                "skill": "orientación visual",
                "carga": -0.5268450750648453
            },
            {
                "skill": "pensamiento analítico",
                "carga": -0.3182993968853875
            },
            {
                "skill": "comunicación de datos",
                "carga": -0.3058783769466801
            },
            {
                "skill": "atención al detalle",
                "carga": -0.23353661513949778
            }
        ],
        "Factor 2": []
    },
    "factor_descriptions": {
        "Factor 1": "Combinación de mentalidad de optimización, perspectiva de usuario"
    },
    "participant_scores": {
        "1": {
            "Factor 1": 0.28146662722753946,
            "Factor 2": -0.192598145362258
        },
        "2": {
            "Factor 1": 1.5572826410243539,
            "Factor 2": -1.693653193869561
        },
        "3": {
            "Factor 1": 0.22832225826524635,
            "Factor 2": -0.19424963562362807
        },
        "4": {
            "Factor 1": 1.692203701285624,
            "Factor 2": 1.6244197885830602
        },
        "5": {
            "Factor 1": -1.2284236822241135,
            "Factor 2": 0.35268641827237546
        },
        "6": {
            "Factor 1": -0.43145433813534867,
            "Factor 2": -0.44630787865852806
        },
        "7": {
            "Factor 1": 1.9556914675308132,
            "Factor 2": 0.666717753332785
        },
        "8": {
            "Factor 1": -0.3783099691730555,
            "Factor 2": -0.444656388397158
        },
        "9": {
            "Factor 1": -0.026186463406478788,
            "Factor 2": 0.028799779416306237
        },
        "10": {
            "Factor 1": 0.6905591101729227,
            "Factor 2": 1.6578034692114516
        },
        "11": {
            "Factor 1": -0.5482126598066321,
            "Factor 2": -0.5740752386053278
        },
        "12": {
            "Factor 1": -0.14030579040136712,
            "Factor 2": 1.5601412264671521
        },
        "13": {
            "Factor 1": 0.6200237276251414,
            "Factor 2": -1.468351590629366
        },
        "14": {
            "Factor 1": 0.026957905555814326,
            "Factor 2": 0.030451269677676324
        },
        "15": {
            "Factor 1": 0.19539824262761302,
            "Factor 2": -0.740287313744906
        },
        "16": {
            "Factor 1": -0.32398895909614517,
            "Factor 2": 0.3159464752311058
        },
        "17": {
            "Factor 1": -0.7928707865340056,
            "Factor 2": -0.28527705252915814
        },
        "18": {
            "Factor 1": -0.21770022117155896,
            "Factor 2": 0.319249455753846
        },
        "19": {
            "Factor 1": -0.32537967290298886,
            "Factor 2": 0.19142881391690783
        },
        "20": {
            "Factor 1": 0.3452946526287564,
            "Factor 2": -0.700915987729524
        },
        "21": {
            "Factor 1": -0.27063051744162564,
            "Factor 2": -0.3168357465602198
        },
        "22": {
            "Factor 1": 0.9140639967146749,
            "Factor 2": 1.7545102363398581
        },
        "23": {
            "Factor 1": 0.18447083193503336,
            "Factor 2": -0.8303881198278323
        },
        "24": {
            "Factor 1": -0.6851913348025757,
            "Factor 2": -0.15745641069222
        },
        "25": {
            "Factor 1": -0.37852404186528205,
            "Factor 2": 0.1897773236555378
        },
        "26": {
            "Factor 1": -1.2815680511864065,
            "Factor 2": 0.35103492801100533
        },
        "27": {
            "Factor 1": 0.632413491879499,
            "Factor 2": -0.47809335091568755
        },
        "28": {
            "Factor 1": 1.7937908310888622,
            "Factor 2": 0.5128935861877857
        },
        "29": {
            "Factor 1": -0.8991595244585918,
            "Factor 2": -0.28858003305189833
        },
        "30": {
            "Factor 1": -1.2920376349331038,
            "Factor 2": 0.22657054858694575
        },
        "31": {
            "Factor 1": -0.21770022117155896,
            "Factor 2": 0.319249455753846
        },
        "32": {
            "Factor 1": 0.047492156939089966,
            "Factor 2": -0.4137692919147244
        },
        "33": {
            "Factor 1": -0.21770022117155896,
            "Factor 2": 0.319249455753846
        },
        "34": {
            "Factor 1": -0.6215773820935853,
            "Factor 2": -0.03134054100679027
        },
        "35": {
            "Factor 1": -0.2708445901338521,
            "Factor 2": 0.31759796549247593
        },
        "36": {
            "Factor 1": 0.39822494889882304,
            "Factor 2": -0.06483078541545818
        },
        "37": {
            "Factor 1": -0.9067760408366673,
            "Factor 2": 0.611630682468992
        },
        "38": {
            "Factor 1": -0.6623319868015206,
            "Factor 2": 0.9572662084455179
        },
        "39": {
            "Factor 1": -0.5684330131312921,
            "Factor 2": -0.02968905074542018
        },
        "40": {
            "Factor 1": 0.6048061195815865,
            "Factor 2": 2.4858242118569205
        },